0,0_10970.png
0,0_16977.png
0,0_27654.png
0,0_9090.png
0,0_8447.png
0,0_27205.png
0,0_17624.png
0,0_26485.png
0,0_8209.png
0,0_22474.png
0,0_18251.png
2,0_18703.png
0,0_20278.png
0,0_10082.png
8,0_3194.png
0,0_639.png
0,0_32388.png
0,0_21229.png
5,0_21958.png
0,0_1641.png
0,0_7300.png
0,0_32126.png
0,0_19821.png
0,0_20709.png
1,1_4585.png
1,1_7002.png
1,1_24838.png
1,1_31932.png
1,1_17321.png
1,1_2722.png
1,1_9892.png
1,1_27556.png
1,1_11712.png
1,1_30542.png
1,1_29564.png
1,1_30400.png
1,1_14563.png
1,1_3150.png
1,1_26076.png
1,1_592.png
1,1_22877.png
1,1_20714.png
1,1_3947.png
1,1_14072.png
1,1_19090.png
1,1_16014.png
1,1_6490.png
1,1_5721.png
1,1_22697.png
1,1_5233.png
1,1_28130.png
1,1_20016.png
1,1_23646.png
1,1_31113.png
1,1_25948.png
1,1_14485.png
1,1_15665.png
1,1_1456.png
1,1_4696.png
1,1_26928.png
1,1_11079.png
1,1_22613.png
1,1_19489.png
1,1_23816.png
1,1_28601.png
1,1_26457.png
1,1_10612.png
1,1_12235.png
1,1_19233.png
1,1_18417.png
1,1_30986.png
1,1_16034.png
7,1_31714.png
1,1_5333.png
1,1_9319.png
0,2_3698.png
3,2_18928.png
2,2_10942.png
2,2_28649.png
2,2_13562.png
2,2_26214.png
2,2_10214.png
2,2_2716.png
2,2_6049.png
2,2_5575.png
2,2_975.png
2,2_713.png
2,2_29412.png
2,2_25354.png
2,2_5312.png
2,2_5470.png
3,2_12173.png
2,2_19127.png
2,2_22276.png
2,2_7597.png
2,2_14114.png
2,2_11304.png
2,2_19818.png
9,3_26210.png
3,3_14413.png
3,3_7930.png
3,3_28803.png
3,3_10089.png
5,3_11814.png
3,3_19922.png
3,3_17998.png
3,3_26821.png
3,3_16121.png
3,3_10850.png
3,3_21589.png
3,3_1205.png
3,3_9860.png
3,3_3702.png
3,3_31769.png
3,3_7248.png
9,3_12374.png
3,3_31723.png
5,3_30537.png
3,3_7942.png
3,3_29030.png
3,3_31651.png
3,3_18359.png
3,3_29304.png
5,3_8522.png
3,3_16837.png
3,3_8726.png
3,3_9704.png
5,3_13760.png
5,3_14027.png
3,3_17000.png
3,3_20587.png
3,3_16865.png
3,3_9117.png
3,3_1816.png
3,3_31514.png
4,4_15887.png
4,4_12317.png
4,4_16537.png
4,4_20720.png
4,4_13814.png
4,4_20712.png
4,4_7472.png
4,4_12199.png
4,4_32694.png
4,4_13153.png
4,4_4324.png
4,4_4573.png
4,4_22110.png
4,4_24499.png
4,4_28889.png
4,4_29017.png
4,4_26696.png
4,4_16247.png
4,4_6237.png
4,4_7237.png
4,4_21423.png
4,4_28067.png
4,4_29924.png
4,4_30871.png
4,4_16611.png
4,4_31826.png
4,4_6111.png
4,4_20625.png
4,4_1337.png
4,4_840.png
4,4_23881.png
4,4_5375.png
4,4_1784.png
4,4_5076.png
4,4_24674.png
4,4_8418.png
4,4_8105.png
4,4_30844.png
4,4_18198.png
4,4_27219.png
4,4_26871.png
4,4_5903.png
4,4_26977.png
4,4_30976.png
4,4_10261.png
4,4_16428.png
5,5_27025.png
3,5_8842.png
5,5_2148.png
3,5_6760.png
5,5_4758.png
5,5_7034.png
5,5_23155.png
5,5_29875.png
9,5_2578.png
3,5_6455.png
5,5_28141.png
5,5_26684.png
5,5_10244.png
5,5_17461.png
9,5_21025.png
5,5_11179.png
5,5_3358.png
5,5_26629.png
5,5_13458.png
5,5_29490.png
9,5_1167.png
3,5_22534.png
3,5_22464.png
5,5_2197.png
5,5_27548.png
9,5_20772.png
5,5_23260.png
5,5_11535.png
5,5_23917.png
5,5_21962.png
9,5_21630.png
5,5_11824.png
3,5_12810.png
5,5_25326.png
6,6_30992.png
6,6_18866.png
6,6_6020.png
6,6_12356.png
6,6_20268.png
6,6_15717.png
6,6_23497.png
6,6_13585.png
6,6_30370.png
6,6_18439.png
6,6_4295.png
6,6_13331.png
6,6_7908.png
6,6_22340.png
6,6_15297.png
6,6_2993.png
6,6_22644.png
6,6_18414.png
0,6_9863.png
6,6_17282.png
6,6_24780.png
6,6_13696.png
3,6_21180.png
6,6_705.png
6,6_6879.png
6,6_23922.png
6,6_22505.png
6,6_18898.png
6,6_31741.png
6,6_14906.png
6,6_8285.png
6,6_6172.png
6,6_14193.png
6,6_25001.png
6,6_15545.png
6,6_11947.png
6,6_2879.png
6,6_15128.png
6,6_317.png
6,6_29573.png
6,6_5291.png
6,6_19873.png
6,6_16660.png
6,6_25899.png
6,6_22917.png
6,6_25790.png
6,6_24050.png
6,6_28579.png
6,6_11333.png
6,6_18288.png
6,6_12680.png
6,6_20288.png
6,6_6259.png
6,6_29679.png
6,6_16638.png
6,6_9041.png
6,6_21943.png
6,6_22336.png
6,6_6964.png
6,6_29806.png
6,6_6779.png
6,6_5181.png
6,6_6982.png
6,6_27273.png
6,6_26440.png
6,6_16194.png
6,6_16811.png
6,6_26666.png
6,6_14718.png
6,6_26924.png
6,6_12974.png
6,6_10663.png
6,6_28937.png
6,6_24828.png
6,6_2969.png
6,6_16573.png
6,6_9167.png
6,6_31851.png
6,6_31326.png
6,6_31868.png
6,6_17214.png
6,6_19676.png
6,6_1809.png
6,6_1731.png
6,6_14388.png
6,6_17087.png
5,6_30467.png
6,6_13844.png
6,6_23282.png
6,6_13614.png
9,6_24100.png
6,6_29473.png
6,6_17961.png
6,6_2739.png
6,6_7988.png
6,6_26705.png
6,6_22817.png
6,6_11852.png
6,6_32547.png
6,6_7013.png
7,7_31948.png
7,7_28326.png
7,7_11653.png
7,7_1169.png
7,7_176.png
7,7_22420.png
7,7_8350.png
7,7_4332.png
7,7_19277.png
7,7_866.png
7,7_6427.png
7,7_31677.png
7,7_32620.png
7,7_20819.png
7,7_7306.png
7,7_31657.png
7,7_12804.png
7,7_26226.png
7,7_10588.png
7,7_25496.png
7,7_12428.png
7,7_1667.png
7,7_30780.png
7,7_13593.png
7,7_3219.png
7,7_295.png
7,7_2135.png
7,7_3595.png
7,7_27063.png
7,7_1272.png
7,7_30062.png
7,7_12324.png
7,7_17923.png
7,7_31148.png
7,7_11342.png
7,7_12726.png
7,7_11626.png
7,7_470.png
7,7_16538.png
7,7_5166.png
7,7_2721.png
7,7_20675.png
7,7_11357.png
7,7_3908.png
7,7_26578.png
7,7_4186.png
7,7_18001.png
7,7_26414.png
7,7_15732.png
7,7_26852.png
7,7_7088.png
7,7_28107.png
7,7_9865.png
7,7_26367.png
8,8_30843.png
8,8_24037.png
8,8_19829.png
8,8_907.png
8,8_20350.png
8,8_18121.png
8,8_30873.png
8,8_10865.png
8,8_27314.png
8,8_23225.png
8,8_17196.png
8,8_13904.png
8,8_22440.png
8,8_15198.png
8,8_26586.png
8,8_1249.png
8,8_17401.png
8,8_2247.png
8,8_18129.png
8,8_1827.png
8,8_30099.png
8,8_2755.png
8,8_25426.png
8,8_32635.png
8,8_27657.png
8,8_27760.png
8,8_9417.png
8,8_26741.png
8,8_20108.png
8,8_403.png
8,8_11754.png
8,8_26184.png
8,8_14537.png
8,8_10843.png
8,8_29923.png
8,8_14382.png
8,8_4253.png
8,8_31340.png
8,8_21608.png
8,8_3456.png
8,8_8803.png
8,8_18461.png
8,8_1315.png
8,8_24370.png
8,8_19845.png
8,8_27124.png
1,8_5349.png
8,8_14707.png
8,8_27456.png
8,8_19811.png
8,8_24309.png
8,8_4964.png
8,8_28333.png
8,8_8672.png
8,8_8047.png
8,8_27814.png
8,8_4760.png
8,8_6899.png
8,8_21492.png
8,8_25628.png
9,9_18177.png
9,9_13836.png
9,9_5196.png
9,9_7008.png
9,9_22543.png
9,9_6792.png
9,9_12709.png
9,9_24863.png
9,9_14060.png
9,9_31500.png
9,9_3562.png
9,9_18111.png
9,9_21307.png
9,9_25866.png
9,9_5545.png
9,9_32282.png
9,9_20347.png
9,9_23382.png
9,9_10543.png
9,9_12960.png
9,9_29111.png
9,9_3418.png
9,9_21737.png
9,9_2777.png
9,9_25506.png
9,9_27368.png
9,9_19751.png
9,9_13269.png
9,9_21555.png
9,9_25689.png
9,9_13278.png
9,9_27950.png
9,9_8055.png
9,9_18416.png
9,9_18169.png
9,9_21623.png
9,9_12150.png
9,9_15362.png
9,9_26239.png
9,9_929.png
9,9_18155.png
9,9_10550.png
9,9_10538.png
9,9_10431.png
9,9_4271.png
9,9_24601.png
9,9_3186.png
9,9_24526.png
9,9_17888.png
9,9_26740.png
9,9_26516.png
9,9_15910.png
9,9_18094.png
9,9_22283.png
9,9_22696.png
9,9_1803.png
9,9_4368.png
9,9_17638.png
9,9_13831.png
9,9_9431.png
10,10_23513.png
10,10_8951.png
10,10_30689.png
10,10_19533.png
10,10_29772.png
10,10_2811.png
10,10_16935.png
10,10_18887.png
10,10_26401.png
10,10_16787.png
10,10_14179.png
10,10_25044.png
10,10_27106.png
10,10_30250.png
10,10_18824.png
10,10_2169.png
10,10_26866.png
10,10_14164.png
10,10_4989.png
10,10_25814.png
10,10_27304.png
10,10_21404.png
10,10_23230.png
10,10_28121.png
10,10_31810.png
10,10_13573.png
10,10_7447.png
10,10_16272.png
10,10_2260.png
11,11_28041.png
11,11_9910.png
11,11_8945.png
11,11_15621.png
11,11_2595.png
11,11_9406.png
11,11_13808.png
11,11_12945.png
11,11_23414.png
11,11_21763.png
11,11_31567.png
11,11_24575.png
11,11_17057.png
